ID,risk_score
KYW1,876.4476330918139
KYW10,213.90212110259438
KYW100,582.9010786260808
KYW1000,642.8288945649945
KYW1001,806.5492991474175
KYW1002,878.3829957203095
KYW1003,324.2876698722569
KYW1004,387.5725427100064
KYW1005,1066.8056760677266
KYW1006,603.6629994123082
KYW1007,940.3589891977765
KYW1008,1120.1609088763196
KYW1009,130.4002508062119
KYW101,536.0236151688157
KYW1010,997.48867503683
KYW1011,871.9209425119691
KYW1012,343.7956324944655
KYW1013,390.21405046176255
KYW1014,642.250259592721
KYW1015,763.5796047587148
KYW1016,1077.960782907246
KYW1017,125.93328092012328
KYW1018,455.1917106938883
KYW1019,42.56325958485296
KYW102,193.4899200514908
KYW1020,115.50513418989344
KYW1021,434.6704080967105
KYW1022,201.50061328879502
KYW1023,723.2875746675725
KYW1024,1090.3439744228517
KYW1025,383.3486282199238
KYW1026,801.8650872955318
KYW1027,1160.4497223950004
KYW1028,684.2377637249824
KYW1029,230.8605557131665
KYW103,998.6382233863906
KYW1030,115.50513418989344
KYW1031,156.33883136692705
KYW1032,508.70042442723485
KYW1033,897.8176489060884
KYW1034,1114.1077768709742
KYW1035,855.8985958415001
KYW1036,53.62250324331724
KYW1037,621.3886362123346
KYW1038,194.91758761061575
KYW1039,275.66256108436994
KYW104,910.690652781976
KYW1040,212.41285257677112
KYW1041,840.719538631225
KYW1042,562.4343299333732
KYW1043,1161.1230903209598
KYW1044,60.73081597120818
KYW1045,831.5998857819206
KYW1046,891.137207861341
KYW1047,1149.7283783117177
KYW1048,553.0694949660719
KYW1049,838.2644621536866
KYW105,742.0974121219365
KYW1050,205.7732169283584
KYW1051,831.7535404874978
KYW1052,634.7148338240796
KYW1053,835.6341522082624
KYW1054,1042.3021872235695
KYW1055,233.00571156954038
KYW1056,604.2271108027503
KYW1057,1122.1126940658933
KYW1058,1174.8209762223398
KYW1059,1053.9142191648223
KYW106,1141.454093048763
KYW1060,846.3694608853796
KYW1061,761.8873599005708
KYW1062,863.756894767545
KYW1063,516.5581283652466
KYW1064,35.284788342286795
KYW1065,97.88534265254913
KYW1066,1123.200271057842
KYW1067,788.4547419601627
KYW1068,267.2335123343746
KYW1069,752.005701656679
KYW107,415.09522681379315
KYW1070,243.60540597785706
KYW1071,496.9598197011188
KYW1072,282.61563612858305
KYW1073,506.09432607930313
KYW1074,723.0167480915513
KYW1075,436.72872390682255
KYW1076,347.29156108102717
KYW1077,551.348310197433
KYW1078,411.27890107752387
KYW1079,314.55432588297697
KYW108,390.25812485318784
KYW1080,276.86547129755655
KYW1081,753.4538475395926
KYW1082,1109.680198067551
KYW1083,593.8178335779826
KYW1084,339.6114608769284
KYW1085,649.6665861291314
KYW1086,227.49857219279357
KYW1087,1127.4134466944247
KYW1088,767.8002574505176
KYW1089,92.52916402152727
KYW109,549.054694845903
KYW1090,259.9257750936893
KYW1091,753.9114467184503
KYW1092,159.73776044958507
KYW1093,1065.5523069358912
KYW1094,740.7008434414817
KYW1095,512.8959006552319
KYW1096,1096.8808563796988
KYW1097,816.2533242311084
KYW1098,50.52395008749212
KYW1099,220.66480283082808
KYW11,537.5482480094405
KYW110,965.4089316055359
KYW1100,535.3943092280235
KYW1101,286.4895238071707
KYW1102,468.300845843094
KYW1103,1004.3277667103129
KYW1104,347.6813138937017
KYW1105,51.84448676782666
KYW1106,316.86914871851434
KYW1107,429.7247064381403
KYW1108,44.8113072429192
KYW1109,987.4516636405399
KYW111,287.794317862451
KYW1110,432.14015803788163
KYW1111,678.7740459657305
KYW1112,631.9925808866724
KYW1113,730.1031020694152
KYW1114,171.2528622847399
KYW1115,564.2309038875972
KYW1116,495.510240189436
KYW1117,186.77811452647893
KYW1118,1059.3613784256952
KYW1119,808.5082851216758
KYW112,609.8536624772232
KYW1120,323.2519029206817
KYW1121,255.20427901309773
KYW1122,174.47328199307003
KYW1123,909.2668088923051
KYW1124,1109.2953236601475
KYW1125,942.2911856584961
KYW1126,582.0035279309418
KYW1127,260.1486241776113
KYW1128,722.7860424704759
KYW1129,470.4891277969145
KYW113,701.6211204946924
KYW1130,922.2750646451673
KYW1131,1111.0395072376596
KYW1132,658.7025527058788
KYW1133,110.51651084145975
KYW1134,90.57602025953518
KYW1135,137.6397595403136
KYW1136,311.72983174185924
KYW1137,682.4293067755104
KYW1138,857.2408439694645
KYW1139,53.877261797146815
KYW114,991.4377246090539
KYW1140,568.8570802110717
KYW1141,786.7956730742051
KYW1142,776.5989698518566
KYW1143,581.1622108603568
KYW1144,624.7634116442077
KYW1145,968.7535116589715
KYW1146,437.20293524587635
KYW1147,663.9817870212868
KYW1148,771.2616444877431
KYW1149,582.0043015535799
KYW115,892.5948814619721
KYW1150,660.5745939716682
KYW1151,804.4048069642187
KYW1152,557.9228728576326
KYW1153,714.710228607243
KYW1154,586.447606790718
KYW1155,296.90530420185934
KYW1156,213.35284505192166
KYW1157,759.2648318506774
KYW1158,249.48704035362567
KYW1159,76.33550172748878
KYW116,131.1480338461171
KYW1160,428.4055795834191
KYW1161,73.69731518401687
KYW1162,304.0321854831007
KYW1163,255.49480285800968
KYW1164,260.9769610664081
KYW1165,493.42672643554357
KYW1166,1009.001262708146
KYW1167,581.307565436641
KYW1168,515.6604708395953
KYW1169,1125.8501860349488
KYW117,755.5451008282134
KYW1170,1089.7250656443503
KYW1171,788.4588499548252
KYW1172,151.10491311819155
KYW1173,666.2888248968435
KYW1174,519.5672170826489
KYW1175,894.2364898369714
KYW1176,1135.9698083337025
KYW1177,372.8556953358539
KYW1178,115.50513418989344
KYW1179,604.7785522348146
KYW118,445.4101280555841
KYW1180,743.6316218082892
KYW1181,640.8135390299883
KYW1182,739.2495453071754
KYW1183,115.50513418989344
KYW1184,222.86434589442027
KYW1185,115.50513418989344
KYW1186,510.04390313944054
KYW1187,225.98417382872057
KYW1188,479.9417618125763
KYW1189,273.01198456802945
KYW119,856.2364814818643
KYW1190,438.84484817638133
KYW1191,262.9873139277613
KYW1192,362.8892657792772
KYW1193,598.795103037976
KYW12,842.9242859775463
KYW120,457.6659490418571
KYW121,699.130476312891
KYW122,456.74739646562597
KYW123,765.627625912631
KYW124,438.80001006925664
KYW125,942.4631733756161
KYW126,810.2768627642673
KYW127,477.6788276973914
KYW128,1005.6780478754634
KYW129,449.1157143443275
KYW13,741.1554977966125
KYW130,826.5696404975291
KYW131,838.8660436504306
KYW132,907.690217130132
KYW133,1030.4320670289258
KYW134,637.1891813657272
KYW135,215.02320437180236
KYW136,904.0159357380089
KYW137,112.25888615294018
KYW138,958.260492399699
KYW139,594.9366883490235
KYW14,554.7855146143562
KYW140,1145.8793992700485
KYW141,579.563429896658
KYW142,694.8491650279437
KYW143,1021.5417116596321
KYW144,942.6166932445982
KYW145,325.6311968920513
KYW146,216.55363887898739
KYW147,86.18751712289902
KYW148,962.5069215349724
KYW149,321.5051816786368
KYW15,829.0955742160209
KYW150,120.32148076684877
KYW151,818.5412953152385
KYW152,492.52875602599374
KYW153,314.1249271536608
KYW154,457.0832542974109
KYW155,537.5412568044786
KYW156,719.5581955107496
KYW157,740.8449630348523
KYW158,223.37667301903173
KYW159,351.68508846607307
KYW16,200.33368506637078
KYW160,327.78736138490046
KYW161,716.2399840998492
KYW162,718.9896335581393
KYW163,1064.144690897711
KYW164,987.375498313944
KYW165,838.1086146101136
KYW166,568.9973214510279
KYW167,818.1805577337819
KYW168,895.3217703571133
KYW169,294.0832539830808
KYW17,261.168102167219
KYW170,1044.0068545796544
KYW171,846.4642920758636
KYW172,410.8853205700033
KYW173,908.045902532819
KYW174,384.2141312916128
KYW175,863.4724608061277
KYW176,183.99938793151898
KYW177,827.1465958223414
KYW178,233.1320187356087
KYW179,251.06730869760565
KYW18,443.06175470335813
KYW180,364.12587753395167
KYW181,681.0185143312768
KYW182,1025.7322972494155
KYW183,596.8775120837274
KYW184,1063.3961788351596
KYW185,392.7930579835777
KYW186,1099.9983100492943
KYW187,322.58245437838247
KYW188,150.96217360670437
KYW189,940.8049191535989
KYW19,1110.5638403855883
KYW190,440.15299792079946
KYW191,981.1353895647121
KYW192,340.3423740919802
KYW193,86.85581078473216
KYW194,108.00435199995438
KYW195,600.0577730506006
KYW196,290.38817254362357
KYW197,825.5918475828931
KYW198,119.00989239355705
KYW199,182.96515426087748
KYW2,772.9600473584629
KYW20,1049.1770134861154
KYW200,355.3391596860913
KYW201,638.164763197052
KYW202,742.6555451655921
KYW203,623.5952869252309
KYW204,53.75875442777986
KYW205,66.21151960957968
KYW206,786.7639029289485
KYW207,198.72582149010182
KYW208,413.3985368619973
KYW209,845.739110275111
KYW21,1060.9975911350023
KYW210,1164.6281511363732
KYW211,978.7987755436501
KYW212,87.69318786660517
KYW213,1110.7113265259823
KYW214,392.70426036226263
KYW215,749.9760404037579
KYW216,549.5082197634538
KYW217,187.70522705614323
KYW218,784.575585811136
KYW219,1079.305089093924
KYW22,966.5205167353853
KYW220,1077.5543014990913
KYW221,90.46021498668645
KYW222,109.23390793129943
KYW223,1152.102397833202
KYW224,1064.8519372479013
KYW225,556.1248073344567
KYW226,793.8020912479699
KYW227,298.88099844541136
KYW228,458.6496845752708
KYW229,241.05403720150713
KYW23,877.5197281554792
KYW230,956.8659811677077
KYW231,761.2976905314708
KYW232,1084.384198434615
KYW233,186.98381625317717
KYW234,228.89016541416225
KYW235,876.2087129112784
KYW236,731.4763853669283
KYW237,460.53706024446734
KYW238,291.48585901888544
KYW239,468.11503251607576
KYW24,1166.8959073935628
KYW240,415.7838328794754
KYW241,137.91105736907548
KYW242,815.7976980194723
KYW243,232.63600894444275
KYW244,530.2871825073358
KYW245,171.77576244815984
KYW246,397.0057161089685
KYW247,100.8006013065725
KYW248,311.2345869410399
KYW249,399.40308554917306
KYW25,535.0308455366977
KYW250,986.1283123173176
KYW251,930.4106491472896
KYW252,630.3523556427018
KYW253,716.2473953227675
KYW254,753.8119612807183
KYW255,328.93239637383755
KYW256,9.910409851467524
KYW257,601.6095660155269
KYW258,996.8344792661059
KYW259,599.0886366788159
KYW26,222.93763902490969
KYW260,62.753076679504844
KYW261,1017.399010567553
KYW262,587.8942987728469
KYW263,781.479979895303
KYW264,107.57746148766188
KYW265,844.313260648622
KYW266,624.2144283172662
KYW267,597.9473504765989
KYW268,679.8529983515145
KYW269,451.3011992712959
KYW27,539.4913710639584
KYW270,618.4927174267127
KYW271,1110.1759273727666
KYW272,675.8524087080204
KYW273,787.2251097658873
KYW274,1063.3357970991974
KYW275,496.1117457594207
KYW276,454.1668469142811
KYW277,815.4538477410251
KYW278,1064.8648581759985
KYW279,330.00008575278343
KYW28,403.4302469963821
KYW280,393.1694955677534
KYW281,214.86565899960215
KYW282,882.346164970292
KYW283,991.0956779258786
KYW284,651.3427823076813
KYW285,432.21659940094287
KYW286,356.86534751230624
KYW287,188.33092628076662
KYW288,616.3644489073821
KYW289,49.02559844863471
KYW29,723.9276808963488
KYW290,281.33170760657305
KYW291,81.5692621557821
KYW292,1112.831384673174
KYW293,500.13495901739753
KYW294,638.1927598451796
KYW295,193.9753429756816
KYW296,582.3290900194139
KYW297,322.65115406963326
KYW298,656.0403039913772
KYW299,124.64871340582211
KYW3,445.0498115437588
KYW30,695.3064632196391
KYW300,1024.46388931338
KYW301,889.5709634520193
KYW302,58.5999910651387
KYW303,258.9276134191832
KYW304,485.2466741008883
KYW305,159.06608238297963
KYW306,925.2858229777295
KYW307,914.0515277921243
KYW308,413.33607919707913
KYW309,81.2063341168286
KYW31,191.92051656874312
KYW310,830.4634965255905
KYW311,446.93187087293404
KYW312,839.310167316447
KYW313,269.3057839310107
KYW314,1022.4533382810703
KYW315,887.2434173946439
KYW316,276.7499749300721
KYW317,345.371574914575
KYW318,271.4033204779433
KYW319,572.4849448111637
KYW32,951.1014421132106
KYW320,322.83383284185584
KYW321,794.8945816977157
KYW322,1114.663776872472
KYW323,247.7193760146376
KYW324,113.21810534784676
KYW325,709.7232906858491
KYW326,416.767323487555
KYW327,919.31041592129
KYW328,384.10556746548224
KYW329,1044.8543646163398
KYW33,622.1755009325129
KYW330,1071.0263628488983
KYW331,489.2275567470485
KYW332,967.2402859976717
KYW333,596.1770146458432
KYW334,29.102549098010922
KYW335,920.5609819725064
KYW336,167.48456819143507
KYW337,878.6844551295161
KYW338,344.0099434859243
KYW339,1059.556193867096
KYW34,115.96263622858513
KYW340,61.732765675694324
KYW341,341.5796327929144
KYW342,452.79898695266695
KYW343,228.79399313879813
KYW344,266.7814074296492
KYW345,654.3343739674269
KYW346,466.0995735668011
KYW347,927.0082998155166
KYW348,985.8292907766834
KYW349,115.50513418989344
KYW35,973.8302810816692
KYW350,673.7201025873029
KYW351,805.2158651129164
KYW352,226.8771626854318
KYW353,631.557618674658
KYW354,534.7017489397805
KYW355,1023.1823556236568
KYW356,928.2047442923379
KYW357,804.7485655955406
KYW358,221.33723003264112
KYW359,565.5835813858008
KYW36,568.225872984877
KYW360,431.141897335357
KYW361,577.2548760762311
KYW362,915.0101751235353
KYW363,1133.5331134121764
KYW364,963.687148147485
KYW365,1080.6649415931886
KYW366,88.65396657998217
KYW367,248.64965480515653
KYW368,347.1067579388947
KYW369,241.25442346510562
KYW37,441.5800721628443
KYW370,528.2190433184435
KYW371,976.6524143309102
KYW372,522.1989973372297
KYW373,220.36386588416462
KYW374,495.29414970940695
KYW375,780.390533821039
KYW376,1010.845682673995
KYW377,432.6058856256844
KYW378,315.28519550631904
KYW379,1025.2048287336236
KYW38,403.04011529215813
KYW380,587.072409558423
KYW381,791.6578210913626
KYW382,937.5691764756098
KYW383,650.7388988476602
KYW384,1046.0878404471077
KYW385,178.376648810194
KYW386,754.3929085271628
KYW387,643.3031337382178
KYW388,814.3170442138186
KYW389,668.579560381406
KYW39,157.12211223672358
KYW390,914.1105560786314
KYW391,177.8274953399245
KYW392,560.0733184139502
KYW393,1104.2991280797644
KYW394,556.809247906441
KYW395,411.7074442485058
KYW396,661.7706607708449
KYW397,418.4083190150453
KYW398,903.7492822470698
KYW399,413.1642263585675
KYW4,837.7822552181211
KYW40,812.1908443477986
KYW400,1061.3803931585148
KYW401,208.10250596131561
KYW402,628.6572257330955
KYW403,1099.1488202375747
KYW404,639.7419789386397
KYW405,474.3661462993996
KYW406,771.69618824156
KYW407,527.4663313911262
KYW408,495.5504683346444
KYW409,492.1618668542355
KYW41,834.4664973885151
KYW410,427.44460297312924
KYW411,431.2355248900908
KYW412,28.274763933758017
KYW413,545.2444940428203
KYW414,1034.822842825155
KYW415,400.8005252992518
KYW416,591.6174137867517
KYW417,710.4156262106637
KYW418,1095.9444252198505
KYW419,208.64325754312426
KYW42,285.08323085370455
KYW420,611.571300913593
KYW421,1092.5610945872736
KYW422,710.1554112939966
KYW423,177.12351842140532
KYW424,767.3238832231448
KYW425,905.8761726544955
KYW426,208.3240145504405
KYW427,623.6016986766984
KYW428,863.9030543357665
KYW429,471.3060367654891
KYW43,692.1164998390213
KYW430,76.76737292567637
KYW431,200.98605468863377
KYW432,160.630767809737
KYW433,250.00899449177575
KYW434,463.1739177237786
KYW435,282.64094447883986
KYW436,523.955949904244
KYW437,364.68596990700905
KYW438,238.0080434164546
KYW439,114.45643778022813
KYW44,347.3739197561269
KYW440,1084.3343686089916
KYW441,1016.5041051992616
KYW442,445.91467964651486
KYW443,731.7036034691017
KYW444,910.9675232970467
KYW445,762.3628850060979
KYW446,454.36648920732443
KYW447,478.4027452058533
KYW448,266.44566946329485
KYW449,643.3371841069538
KYW45,488.8703222156198
KYW450,921.4469069560535
KYW451,809.9515634446868
KYW452,1033.3322446419527
KYW453,833.6126531577651
KYW454,581.8085837748094
KYW455,1059.3548700062465
KYW456,575.3297812110256
KYW457,1126.087565208104
KYW458,296.3861029598104
KYW459,864.393144561484
KYW46,636.9393513446987
KYW460,1161.7317582207788
KYW461,1066.830602004641
KYW462,221.8842164613273
KYW463,881.902262841483
KYW464,1171.6362792897085
KYW465,85.05860903679388
KYW466,9.933498890719383
KYW467,167.59144932860886
KYW468,194.4123396415509
KYW469,571.5699731317347
KYW47,842.5973165707538
KYW470,996.149622970739
KYW471,527.6058006981555
KYW472,409.240437333689
KYW473,885.2842524930194
KYW474,1002.3675641904706
KYW475,494.4374609635417
KYW476,164.79275434670552
KYW477,1017.0869242058485
KYW478,406.5755250212362
KYW479,851.0127715356738
KYW48,882.7024869073157
KYW480,821.3812450481016
KYW481,1019.0649815308041
KYW482,980.8750936000549
KYW483,601.5003181185191
KYW484,207.52952579858922
KYW485,74.08041321414547
KYW486,628.7224262924115
KYW487,197.62400917007784
KYW488,157.00955156710583
KYW489,994.8684677294134
KYW49,430.7677123058623
KYW490,133.35139318921787
KYW491,51.70028460414769
KYW492,103.73041899438797
KYW493,649.9496254590779
KYW494,241.2321742339729
KYW495,801.3910861665937
KYW496,151.26700791349776
KYW497,125.89287480646327
KYW498,754.4091766500087
KYW499,1045.6805365123957
KYW5,812.9841309351468
KYW50,426.50513726244986
KYW500,1096.3615286374265
KYW501,658.2799724242527
KYW502,528.3144677318447
KYW503,983.9296046713814
KYW504,589.7059281359357
KYW505,420.48102165007776
KYW506,961.2344155372792
KYW507,1097.407440460694
KYW508,32.878229740698735
KYW509,62.42057821425978
KYW51,86.76033261395477
KYW510,72.99139521564602
KYW511,988.2991786748029
KYW512,107.26602487650794
KYW513,69.86525826168332
KYW514,438.4107111760761
KYW515,877.8494099498417
KYW516,1106.5288805451526
KYW517,167.40137594154564
KYW518,21.92882301734837
KYW519,650.9403702733422
KYW52,982.4417084482262
KYW520,1155.6987234376782
KYW521,187.99972632983614
KYW522,705.8270115787894
KYW523,1083.347050905531
KYW524,544.2635416970124
KYW525,832.8269590835727
KYW526,380.7971712856046
KYW527,210.60442154082858
KYW528,747.9855472559695
KYW529,634.1706644219151
KYW53,245.0115983869382
KYW530,1164.3500475513142
KYW531,281.06778197874434
KYW532,95.0008458914054
KYW533,69.23613769731888
KYW534,889.9536669771786
KYW535,426.1421941161621
KYW536,732.013985751824
KYW537,284.73189184627967
KYW538,466.5545283204194
KYW539,992.601836121314
KYW54,307.5493854798238
KYW540,190.73198752925697
KYW541,464.60391524353565
KYW542,802.7303613838573
KYW543,1173.96174462823
KYW544,871.873417376788
KYW545,182.86738244475518
KYW546,920.6732223200198
KYW547,545.7823102425009
KYW548,93.52804385909039
KYW549,136.43711095158955
KYW55,276.7223695383639
KYW550,691.0741493838309
KYW551,687.0710560454089
KYW552,557.7440796727867
KYW553,948.8875868597727
KYW554,318.0277656499615
KYW555,105.26661972385082
KYW556,860.5679990371157
KYW557,493.98917498319634
KYW558,57.10561950848941
KYW559,811.8239956085245
KYW56,172.58871895195847
KYW560,183.82403933078854
KYW561,572.7006824451006
KYW562,956.0394547702354
KYW563,280.0293742085267
KYW564,841.8841533510515
KYW565,696.8174259486991
KYW566,773.5970662730878
KYW567,73.57486432599181
KYW568,104.82922097663194
KYW569,348.74555178593135
KYW57,414.97558856370983
KYW570,32.261783569272296
KYW571,86.29701427214502
KYW572,104.15160800036897
KYW573,94.60114252311406
KYW574,831.0701173669928
KYW575,480.8713345114987
KYW576,260.5109929562223
KYW577,831.0836912701345
KYW578,291.8536824272303
KYW579,626.1754595087782
KYW58,537.1982894895809
KYW580,204.39695569929432
KYW581,374.7601194519917
KYW582,117.53957784469341
KYW583,105.5915741669364
KYW584,644.3468446816048
KYW585,1167.7758053632792
KYW586,708.6583884900747
KYW587,1136.7047695898568
KYW588,645.3152880081268
KYW589,1175.7019512177978
KYW59,170.67840661557324
KYW590,353.24096988725364
KYW591,151.03800339861345
KYW592,267.8807027392292
KYW593,935.9084663695496
KYW594,103.60338951027168
KYW595,483.2818543511396
KYW596,360.22140891371106
KYW597,762.5578656335298
KYW598,598.0054222936061
KYW599,137.14046360445158
KYW6,853.5465726253243
KYW60,103.7536518074744
KYW600,172.69419123914068
KYW601,613.6664666909285
KYW602,375.4426669946795
KYW603,96.57912180753533
KYW604,1161.6030344667022
KYW605,408.3134726647536
KYW606,969.7067116779833
KYW607,867.2528464497442
KYW608,1077.7407684409
KYW609,42.37089655847671
KYW61,688.290310831914
KYW610,904.5867566335347
KYW611,851.0383045171071
KYW612,738.6713883662542
KYW613,407.8555626258519
KYW614,24.98918162393442
KYW615,1170.251293110125
KYW616,518.5014680975978
KYW617,131.09226786116471
KYW618,352.2876255647483
KYW619,705.3092458497871
KYW62,1007.4326084332229
KYW620,95.28223163980932
KYW621,96.49815656216518
KYW622,40.12193139074503
KYW623,203.98135255304518
KYW624,28.07460400070114
KYW625,186.66146097577985
KYW626,325.69447630449866
KYW627,648.1629345846904
KYW628,377.5426887095259
KYW629,339.26398278614977
KYW63,822.6045813851313
KYW630,462.5954308681678
KYW631,1050.8614039524396
KYW632,729.1530495456368
KYW633,590.7528485279438
KYW634,994.3408529852685
KYW635,628.1714936572837
KYW636,571.2484501110582
KYW637,1147.2379201592823
KYW638,1012.1558066245215
KYW639,987.3709636824339
KYW64,611.5084318584431
KYW640,854.4806898258278
KYW641,431.16598244511465
KYW642,501.7452405108293
KYW643,336.92535600339545
KYW644,366.697011979211
KYW645,822.2268354584984
KYW646,125.55539853215174
KYW647,730.322260966666
KYW648,778.7158430086627
KYW649,200.79231410780443
KYW65,304.5298924742276
KYW650,411.726183784335
KYW651,848.2945409065097
KYW652,424.25812975317274
KYW653,501.5773997374391
KYW654,239.77371108749688
KYW655,229.3615612013715
KYW656,531.7998077648551
KYW657,831.5411178205422
KYW658,456.17148431265855
KYW659,457.6438171226354
KYW66,873.9953717527887
KYW660,134.71730572925213
KYW661,388.0831063297072
KYW662,458.3702717305292
KYW663,1076.2388877746077
KYW664,997.343736319551
KYW665,597.5289248790456
KYW666,542.6769643079849
KYW667,980.2419785918404
KYW668,4.187781456087162
KYW669,701.1638488545627
KYW67,1129.4464602514624
KYW670,771.5344456973954
KYW671,287.4653183749342
KYW672,408.0164209644453
KYW673,194.35312297326678
KYW674,201.82567587872913
KYW675,979.4819817140049
KYW676,431.94921451794403
KYW677,636.2133018562142
KYW678,271.45202697879233
KYW679,596.22987914347
KYW68,246.65639575897998
KYW680,75.55945476096252
KYW681,1074.9851266774263
KYW682,85.40757032923054
KYW683,789.9256751640683
KYW684,995.0982347724765
KYW685,993.5078916187125
KYW686,767.5398136466541
KYW687,560.6822921390898
KYW688,193.12944862626955
KYW689,47.71249714104054
KYW69,1068.6914075448299
KYW690,996.5452244290625
KYW691,525.2390994111464
KYW692,79.02138901142082
KYW693,65.70062376900464
KYW694,615.55854523165
KYW695,683.7703194935924
KYW696,336.0683745494279
KYW697,281.3246357252635
KYW698,447.574001120694
KYW699,289.3572109821559
KYW7,808.9023646230513
KYW70,378.01258136036887
KYW700,1123.4716826023782
KYW701,180.73410431965146
KYW702,118.8928937621136
KYW703,474.89404546774813
KYW704,1065.746631836137
KYW705,598.0057701591289
KYW706,176.37180693037618
KYW707,821.82327349472
KYW708,439.7072754527661
KYW709,148.65086645075561
KYW71,791.6205601934656
KYW710,414.7875594582641
KYW711,848.5279570421443
KYW712,226.39859081456495
KYW713,80.82942330882624
KYW714,1010.2168618586102
KYW715,1069.1694726891483
KYW716,373.1508232055441
KYW717,603.2040770740916
KYW718,1066.042702808445
KYW719,720.6793254137881
KYW72,426.42831227525306
KYW720,723.653755480758
KYW721,692.0305238236126
KYW722,138.9103255001253
KYW723,795.7900555583781
KYW724,316.5324452183082
KYW725,793.0491461513705
KYW726,652.1821553000182
KYW727,1081.3142036230433
KYW728,817.0357602410311
KYW729,665.88843180959
KYW73,95.21672842830095
KYW730,416.4916516613977
KYW731,551.1256827667511
KYW732,659.4530145038441
KYW733,1129.566245062964
KYW734,620.5468355601772
KYW735,650.4578650006254
KYW736,249.28412362227562
KYW737,1035.3612281938201
KYW738,948.5599266545564
KYW739,395.73800446737084
KYW74,827.8214467221419
KYW740,214.30380564595862
KYW741,263.41516435391446
KYW742,235.0368501286764
KYW743,344.4648191615311
KYW744,503.83517930844994
KYW745,774.9173874435917
KYW746,747.7392042854084
KYW747,145.68174872763956
KYW748,996.1464742314563
KYW749,297.8968307927313
KYW75,869.7485022146514
KYW750,498.17428701054973
KYW751,641.4737801491825
KYW752,452.8050454492773
KYW753,953.2654455112536
KYW754,705.9560291805531
KYW755,358.3292325793435
KYW756,389.47780334794265
KYW757,974.9295949224827
KYW758,955.7923391668784
KYW759,289.2910504828902
KYW76,970.8970374038995
KYW760,1172.171528996324
KYW761,967.6402966469018
KYW762,429.0283330514844
KYW763,591.1417214080982
KYW764,507.922939899927
KYW765,230.90887543064827
KYW766,285.7645157719428
KYW767,667.581626820208
KYW768,525.6801383710091
KYW769,133.67772077615007
KYW77,1047.988943410547
KYW770,909.2481939377856
KYW771,754.2928648072259
KYW772,613.0111093712073
KYW773,461.93796374856254
KYW774,628.0217092081396
KYW775,840.8431962981222
KYW776,575.4490616146512
KYW777,158.77828746815172
KYW778,489.30728879704463
KYW779,778.5445631530878
KYW78,746.914826074898
KYW780,196.81329623719296
KYW781,233.0021369293462
KYW782,183.5745135940275
KYW783,194.25714738512397
KYW784,75.74137838308897
KYW785,115.50513418989344
KYW786,1071.4602412381196
KYW787,656.842210733997
KYW788,316.9325136656053
KYW789,860.9412094173588
KYW79,1060.5804826517747
KYW790,1077.5862391949538
KYW791,763.694145254438
KYW792,756.782966365987
KYW793,1136.4456570785826
KYW794,639.9327646863894
KYW795,331.76504105127043
KYW796,922.8252950915157
KYW797,334.4648246078824
KYW798,986.7638495074484
KYW799,624.5129371706404
KYW8,706.2994316266933
KYW80,272.8073066035895
KYW800,252.05211909924026
KYW801,853.3704183971955
KYW802,594.0778906535105
KYW803,624.1495186923439
KYW804,915.136481140336
KYW805,515.9650125407238
KYW806,1125.9119471373256
KYW807,850.1745823961546
KYW808,1111.7196441947335
KYW809,798.9797086426508
KYW81,159.6904946611
KYW810,949.9003670107065
KYW811,1157.9235607632309
KYW812,680.5706735099549
KYW813,495.1649513915879
KYW814,832.307768318084
KYW815,966.1056108390524
KYW816,565.4354046299818
KYW817,728.3151785650793
KYW818,544.751516731779
KYW819,489.1453869580788
KYW82,1027.7289228241755
KYW820,765.0173009403811
KYW821,1126.3785532176532
KYW822,112.60583860039827
KYW823,864.8936459680119
KYW824,519.3199084375457
KYW825,946.6128817987046
KYW826,309.08368829984744
KYW827,713.4866298570462
KYW828,665.0677194494998
KYW829,890.0410383009495
KYW83,454.93858452816994
KYW830,292.1125554289183
KYW831,392.2957131244477
KYW832,743.0887422562208
KYW833,969.3090845002037
KYW834,883.248608992227
KYW835,524.1837870177799
KYW836,942.6861295484707
KYW837,792.5866096199072
KYW838,855.6561076830542
KYW839,1169.9862004060624
KYW84,186.3050805095915
KYW840,1061.6481552201026
KYW841,295.26955977330243
KYW842,1003.2025014525218
KYW843,657.6212617938652
KYW844,756.42410626053
KYW845,965.2127888004469
KYW846,715.4793486634921
KYW847,817.4652861718473
KYW848,1077.9651429695232
KYW849,884.021791896479
KYW85,526.9483437254814
KYW850,483.4679124749713
KYW851,583.0618215779466
KYW852,656.2930905195674
KYW853,373.08254831138663
KYW854,411.0436117587601
KYW855,1086.850887066811
KYW856,428.36619683087883
KYW857,991.7352028069281
KYW858,767.4497973631404
KYW859,585.496952152226
KYW86,335.2188457407052
KYW860,751.999949757869
KYW861,744.9985306636544
KYW862,1088.3289678356348
KYW863,418.39777178170726
KYW864,567.2951385956192
KYW865,833.5203921262831
KYW866,439.9514442328924
KYW867,549.4333894044183
KYW868,206.35054365858434
KYW869,600.0787505154765
KYW87,1055.7416421664748
KYW870,380.3499501261753
KYW871,804.1616798134816
KYW872,1085.8253083327113
KYW873,411.40665218465784
KYW874,784.5748474330802
KYW875,1132.6434512909864
KYW876,491.8504226204747
KYW877,1011.0616691562208
KYW878,643.2187434107428
KYW879,930.0459493059317
KYW88,928.6472898170034
KYW880,509.7781231462534
KYW881,584.8853152129761
KYW882,1131.827501673982
KYW883,761.8478319852427
KYW884,963.7453443738652
KYW885,889.9733824226919
KYW886,775.5426204022674
KYW887,995.2100506261414
KYW888,454.903374772796
KYW889,869.1931488152628
KYW89,283.95292130474246
KYW890,630.6590714860047
KYW891,728.0696668033014
KYW892,702.6835688890048
KYW893,976.5257325494555
KYW894,640.8080408204073
KYW895,985.7910835530827
KYW896,633.4165351978234
KYW897,1072.140377952072
KYW898,267.99413532729875
KYW899,649.1776878886553
KYW9,208.41923469570276
KYW90,793.5934739269145
KYW900,433.01230563090843
KYW901,550.7728394819669
KYW902,1119.9448922957533
KYW903,1146.5510728548388
KYW904,660.6014187655325
KYW905,508.1841743849832
KYW906,737.9570198415581
KYW907,913.1450172179965
KYW908,450.7766416033787
KYW909,709.6422512451259
KYW91,1035.529543484425
KYW910,720.3172589247793
KYW911,919.668443658236
KYW912,689.8930509101787
KYW913,429.47527749926024
KYW914,296.0983269555076
KYW915,581.6252899481957
KYW916,1137.2846823682576
KYW917,1115.5155640201308
KYW918,850.4851643426263
KYW919,808.2103741713315
KYW92,1061.601014969814
KYW920,323.18655474827307
KYW921,827.2272712371362
KYW922,870.0127114518898
KYW923,847.0001469097879
KYW924,1025.0667584735043
KYW925,785.3222645346857
KYW926,776.1107859431588
KYW927,259.8442672082473
KYW928,1102.8762165702185
KYW929,1100.9546213325734
KYW93,543.243655733417
KYW930,1119.9021944491196
KYW931,492.9922469826581
KYW932,279.57526535115227
KYW933,694.2035739887989
KYW934,639.2297953929955
KYW935,715.1292528059918
KYW936,1084.1316404202462
KYW937,843.6103659562632
KYW938,683.609437344188
KYW939,1124.6543924766804
KYW94,213.46253337677513
KYW940,1148.9008311253801
KYW941,724.0157261364162
KYW942,500.95823377600937
KYW943,743.9094312375722
KYW944,748.1618971741522
KYW945,843.4551264157994
KYW946,497.0695335122741
KYW947,748.2903713227823
KYW948,1042.3879123515298
KYW949,619.1221933948003
KYW95,84.55071548213655
KYW950,957.4474783006744
KYW951,1001.7899831301625
KYW952,724.1559581682184
KYW953,506.3100510576132
KYW954,663.0340870967295
KYW955,1109.9583921136227
KYW956,807.5222857672086
KYW957,912.8088390669182
KYW958,684.2733759552182
KYW959,653.4000957796002
KYW96,139.37883640749055
KYW960,410.02106719933454
KYW961,879.2399719721549
KYW962,750.705476516061
KYW963,1118.5437781477726
KYW964,62.190255637918995
KYW965,1141.6669439616928
KYW966,253.2061879534372
KYW967,175.5838242188769
KYW968,471.5117756633325
KYW969,392.1072720817729
KYW97,379.7453839564373
KYW970,59.19080123124658
KYW971,642.0750779229941
KYW972,520.8826989626208
KYW973,991.6160979544046
KYW974,545.1886345581705
KYW975,115.50513418989344
KYW976,864.9504709184168
KYW977,690.8797097692346
KYW978,365.1859253409178
KYW979,127.66289043395821
KYW98,571.0418238609057
KYW980,1137.6958273362802
KYW981,643.7266206608682
KYW982,514.2736088365546
KYW983,329.11524137892144
KYW984,649.093590355796
KYW985,646.4199678594434
KYW986,845.4719065586678
KYW987,457.7668021617856
KYW988,473.78383789859896
KYW989,721.8045993563153
KYW99,1060.7320171955316
KYW990,1105.6532062371166
KYW991,1099.1874997840248
KYW992,790.4414298207654
KYW993,407.90244410422895
KYW994,480.0421217382038
KYW995,249.4834699549297
KYW996,448.22233875077666
KYW997,150.09438959182484
KYW998,1029.4908911358345
KYW999,841.5990247647471
